precision,recall,f1_score
0.8079767237593325,0.8125,0.8052555023923447
