precision,recall,f1_score
0.8265503954885918,0.8083333333333333,0.8153652346820084
